url,wikidata_id
http://en.wikipedia.org/wiki/Lewis_Hamilton,Q9673
http://en.wikipedia.org/wiki/Nick_Heidfeld,Q75810
http://en.wikipedia.org/wiki/Nico_Rosberg,Q75820
http://en.wikipedia.org/wiki/Fernando_Alonso,Q10514
http://en.wikipedia.org/wiki/Heikki_Kovalainen,Q82891
http://en.wikipedia.org/wiki/Kazuki_Nakajima,Q171302
http://en.wikipedia.org/wiki/S%C3%A9bastien_Bourdais,Q171307
http://en.wikipedia.org/wiki/Kimi_R%C3%A4ikk%C3%B6nen,Q11192
http://en.wikipedia.org/wiki/Robert_Kubica,Q160359
http://en.wikipedia.org/wiki/Timo_Glock,Q76719
http://en.wikipedia.org/wiki/Takuma_Sato,Q171297
"http://en.wikipedia.org/wiki/Nelson_Piquet,_Jr.",Q172838
http://en.wikipedia.org/wiki/Felipe_Massa,Q82652
http://en.wikipedia.org/wiki/David_Coulthard,Q172832
http://en.wikipedia.org/wiki/Jarno_Trulli,Q171350
http://en.wikipedia.org/wiki/Adrian_Sutil,Q49235
http://en.wikipedia.org/wiki/Mark_Webber_(racing_driver),Q82667
http://en.wikipedia.org/wiki/Jenson_Button,Q10510
http://en.wikipedia.org/wiki/Anthony_Davidson,Q171319
http://en.wikipedia.org/wiki/Sebastian_Vettel,Q42311
http://en.wikipedia.org/wiki/Giancarlo_Fisichella,Q172712
http://en.wikipedia.org/wiki/Rubens_Barrichello,Q169846
http://en.wikipedia.org/wiki/Ralf_Schumacher,Q75825
http://en.wikipedia.org/wiki/Vitantonio_Liuzzi,Q171294
http://en.wikipedia.org/wiki/Alexander_Wurz,Q78499
http://en.wikipedia.org/wiki/Scott_Speed,Q171410
http://en.wikipedia.org/wiki/Christijan_Albers,Q171414
http://en.wikipedia.org/wiki/Markus_Winkelhock,Q75841
http://en.wikipedia.org/wiki/Sakon_Yamamoto,Q171394
http://en.wikipedia.org/wiki/Michael_Schumacher,Q9671
http://en.wikipedia.org/wiki/Juan_Pablo_Montoya,Q172744
http://en.wikipedia.org/wiki/Christian_Klien,Q84178
http://en.wikipedia.org/wiki/Tiago_Monteiro,Q172001
http://en.wikipedia.org/wiki/Yuji_Ide,Q173199
http://en.wikipedia.org/wiki/Jacques_Villeneuve,Q172843
http://en.wikipedia.org/wiki/Franck_Montagny,Q173162
http://en.wikipedia.org/wiki/Pedro_de_la_Rosa,Q82924
http://en.wikipedia.org/wiki/Robert_Doornbos,Q173102
http://en.wikipedia.org/wiki/Narain_Karthikeyan,Q82936
http://en.wikipedia.org/wiki/Patrick_Friesacher,Q84167
http://en.wikipedia.org/wiki/Ricardo_Zonta,Q172004
http://en.wikipedia.org/wiki/Ant%C3%B4nio_Pizzonia,Q172734
http://en.wikipedia.org/wiki/Cristiano_da_Matta,Q172995
http://en.wikipedia.org/wiki/Olivier_Panis,Q172018
http://en.wikipedia.org/wiki/Giorgio_Pantano,Q61917
http://en.wikipedia.org/wiki/Gianmaria_Bruni,Q173190
http://en.wikipedia.org/wiki/Zsolt_Baumgartner,Q172002
http://en.wikipedia.org/wiki/Marc_Gen%C3%A9,Q172780
http://en.wikipedia.org/wiki/Heinz-Harald_Frentzen,Q76720
http://en.wikipedia.org/wiki/Jos_Verstappen,Q173145
http://en.wikipedia.org/wiki/Justin_Wilson_(racing_driver),Q171577
http://en.wikipedia.org/wiki/Ralph_Firman,Q171581
http://en.wikipedia.org/wiki/Nicolas_Kiesa,Q173097
http://en.wikipedia.org/wiki/Luciano_Burti,Q171429
http://en.wikipedia.org/wiki/Jean_Alesi,Q172777
http://en.wikipedia.org/wiki/Eddie_Irvine,Q171397
http://en.wikipedia.org/wiki/Mika_H%C3%A4kkinen,Q172842
http://en.wikipedia.org/wiki/Tarso_Marques,Q171439
http://en.wikipedia.org/wiki/Enrique_Bernoldi,Q172961
http://en.wikipedia.org/wiki/Gast%C3%B3n_Mazzacane,Q172017
http://en.wikipedia.org/wiki/Tom%C3%A1%C5%A1_Enge,Q173319
http://en.wikipedia.org/wiki/Alex_Yoong,Q172006
http://en.wikipedia.org/wiki/Mika_Salo,Q173094
http://en.wikipedia.org/wiki/Pedro_Diniz,Q172999
http://en.wikipedia.org/wiki/Johnny_Herbert,Q172751
http://en.wikipedia.org/wiki/Allan_McNish,Q173002
http://en.wikipedia.org/wiki/S%C3%A9bastien_Buemi,Q171310
http://en.wikipedia.org/wiki/Toranosuke_Takagi,Q173160
http://en.wikipedia.org/wiki/Luca_Badoer,Q172749
http://en.wikipedia.org/wiki/Alex_Zanardi,Q173188
http://en.wikipedia.org/wiki/Damon_Hill,Q10505
http://en.wikipedia.org/wiki/St%C3%A9phane_Sarrazin,Q173317
http://en.wikipedia.org/wiki/Ricardo_Rosset,Q171431
http://en.wikipedia.org/wiki/Esteban_Tuero,Q173298
http://en.wikipedia.org/wiki/Shinji_Nakano,Q171430
http://en.wikipedia.org/wiki/Jan_Magnussen,Q173092
http://en.wikipedia.org/wiki/Gerhard_Berger,Q78502
http://en.wikipedia.org/wiki/Nicola_Larini,Q172970
http://en.wikipedia.org/wiki/Ukyo_Katayama,Q171543
http://en.wikipedia.org/wiki/Vincenzo_Sospiri,Q368799
http://en.wikipedia.org/wiki/Gianni_Morbidelli,Q171559
http://en.wikipedia.org/wiki/Norberto_Fontana,Q173311
http://en.wikipedia.org/wiki/Pedro_Lamy,Q171555
http://en.wikipedia.org/wiki/Martin_Brundle,Q172854
http://en.wikipedia.org/wiki/Andrea_Montermini,Q172973
http://en.wikipedia.org/wiki/Giovanni_Lavaggi,Q171467
http://en.wikipedia.org/wiki/Mark_Blundell,Q171553
http://en.wikipedia.org/wiki/Aguri_Suzuki,Q173197
http://en.wikipedia.org/wiki/Taki_Inoue,Q172985
http://en.wikipedia.org/wiki/Roberto_Moreno,Q171427
http://en.wikipedia.org/wiki/Karl_Wendlinger,Q84161
http://en.wikipedia.org/wiki/Bertrand_Gachot,Q172989
http://en.wikipedia.org/wiki/Domenico_Schiattarella,Q172990
http://en.wikipedia.org/wiki/Pierluigi_Martini,Q171541
http://en.wikipedia.org/wiki/Nigel_Mansell,Q10501
http://en.wikipedia.org/wiki/Jean-Christophe_Boullion,Q173315
http://en.wikipedia.org/wiki/Massimiliano_Papis,Q173289
http://en.wikipedia.org/wiki/Jean-Denis_Deletraz,Q123904
http://en.wikipedia.org/wiki/Gabriele_Tarquini,Q173299
http://en.wikipedia.org/wiki/%C3%89rik_Comas,Q172966
http://en.wikipedia.org/wiki/David_Brabham,Q173001
http://en.wikipedia.org/wiki/Ayrton_Senna,Q10490
http://en.wikipedia.org/wiki/%C3%89ric_Bernard,Q171546
http://en.wikipedia.org/wiki/Christian_Fittipaldi,Q172954
http://en.wikipedia.org/wiki/Michele_Alboreto,Q172983
http://en.wikipedia.org/wiki/Olivier_Beretta,Q163175
http://en.wikipedia.org/wiki/Roland_Ratzenberger,Q78495
http://en.wikipedia.org/wiki/Paul_Belmondo,Q171557
http://en.wikipedia.org/wiki/Jyrki_J%C3%A4rvilehto,Q172979
http://en.wikipedia.org/wiki/Andrea_de_Cesaris,Q173153
http://en.wikipedia.org/wiki/Jean-Marc_Gounon,Q173308
http://en.wikipedia.org/wiki/Philippe_Alliot,Q173305
http://en.wikipedia.org/wiki/Philippe_Adams,Q171444
http://en.wikipedia.org/wiki/Yannick_Dalmas,Q173291
http://en.wikipedia.org/wiki/Hideki_Noda,Q172967
http://en.wikipedia.org/wiki/Franck_Lagorce,Q173288
http://en.wikipedia.org/wiki/Alain_Prost,Q10494
http://en.wikipedia.org/wiki/Derek_Warwick,Q171442
http://en.wikipedia.org/wiki/Riccardo_Patrese,Q172759
http://en.wikipedia.org/wiki/Fabrizio_Barbazza,Q172968
http://en.wikipedia.org/wiki/Michael_Andretti,Q171519
http://en.wikipedia.org/wiki/Ivan_Capelli,Q171455
http://en.wikipedia.org/wiki/Thierry_Boutsen,Q172761
http://en.wikipedia.org/wiki/Marco_Apicella,Q172245
http://en.wikipedia.org/wiki/Emanuele_Naspetti,Q171508
http://en.wikipedia.org/wiki/Toshio_Suzuki_(driver),Q171744
http://en.wikipedia.org/wiki/Maur%C3%ADcio_Gugelmin,Q171471
http://en.wikipedia.org/wiki/Eric_van_de_Poele,Q171737
http://en.wikipedia.org/wiki/Olivier_Grouillard,Q173307
http://en.wikipedia.org/wiki/Andrea_Chiesa,Q122373
http://en.wikipedia.org/wiki/Stefano_Modena,Q171459
http://en.wikipedia.org/wiki/Giovanna_Amati,Q233303
http://en.wikipedia.org/wiki/Alex_Caffi,Q172972
http://en.wikipedia.org/wiki/Enrico_Bertaggia,Q435698
http://en.wikipedia.org/wiki/Perry_McCarthy,Q369348
http://en.wikipedia.org/wiki/Jan_Lammers,Q171457
http://en.wikipedia.org/wiki/Nelson_Piquet,Q171346
http://en.wikipedia.org/wiki/Satoru_Nakajima,Q173221
http://en.wikipedia.org/wiki/Emanuele_Pirro,Q171524
http://en.wikipedia.org/wiki/Stefan_Johansson,Q171474
http://en.wikipedia.org/wiki/Julian_Bailey,Q110496268
http://en.wikipedia.org/wiki/Pedro_Chaves,Q456593
http://en.wikipedia.org/wiki/Michael_Bartels,Q60897
http://en.wikipedia.org/wiki/Naoki_Hattori,Q516012
http://en.wikipedia.org/wiki/Alessandro_Nannini,Q173087
http://en.wikipedia.org/wiki/Bernd_Schneider_(racecar_driver),Q61866
http://en.wikipedia.org/wiki/Paolo_Barilla,Q171613
http://en.wikipedia.org/wiki/Gregor_Foitek,Q171725
http://en.wikipedia.org/wiki/Claudio_Langes,Q370533
http://en.wikipedia.org/wiki/Gary_Brabham,Q439288
http://en.wikipedia.org/wiki/Martin_Donnelly_(racing_driver),Q171528
http://en.wikipedia.org/wiki/Bruno_Giacomelli,Q173112
http://en.wikipedia.org/wiki/Jaime_Alguersuari,Q171355
http://en.wikipedia.org/wiki/Romain_Grosjean,Q82742
http://en.wikipedia.org/wiki/Kamui_Kobayashi,Q82798
http://en.wikipedia.org/wiki/Jonathan_Palmer,Q171515
http://en.wikipedia.org/wiki/Christian_Danner,Q57551
http://en.wikipedia.org/wiki/Eddie_Cheever,Q173205
http://en.wikipedia.org/wiki/Luis_Perez-Sala,Q173379
http://en.wikipedia.org/wiki/Piercarlo_Ghinzani,Q172994
http://en.wikipedia.org/wiki/Volker_Weidler,Q60462
http://en.wikipedia.org/wiki/Pierre-Henri_Raphanel,Q171761
http://en.wikipedia.org/wiki/Ren%C3%A9_Arnoux,Q173279
http://en.wikipedia.org/wiki/Joachim_Winkelhock,Q58814
http://en.wikipedia.org/wiki/Oscar_Larrauri,Q171620
http://en.wikipedia.org/wiki/Philippe_Streiff,Q173084
http://en.wikipedia.org/wiki/Adri%C3%A1n_Campos,Q171456
http://en.wikipedia.org/wiki/Jean-Louis_Schlesser,Q171479
http://en.wikipedia.org/wiki/Pascal_Fabre,Q171884
http://en.wikipedia.org/wiki/Teo_Fabi,Q171610
http://en.wikipedia.org/wiki/Franco_Forini,Q172073
http://en.wikipedia.org/wiki/Jacques_Laffite,Q171434
http://en.wikipedia.org/wiki/Elio_de_Angelis,Q173115
http://en.wikipedia.org/wiki/Johnny_Dumfries,Q171722
http://en.wikipedia.org/wiki/Patrick_Tambay,Q173020
http://en.wikipedia.org/wiki/Marc_Surer,Q171505
http://en.wikipedia.org/wiki/Keke_Rosberg,Q171381
http://en.wikipedia.org/wiki/Alan_Jones_(Formula_1),Q172753
http://en.wikipedia.org/wiki/Huub_Rothengatter,Q171716
http://en.wikipedia.org/wiki/Allen_Berg,Q173452
http://en.wikipedia.org/wiki/Manfred_Winkelhock,Q57733
http://en.wikipedia.org/wiki/Niki_Lauda,Q78489
http://en.wikipedia.org/wiki/Fran%C3%A7ois_Hesnault,Q172232
http://en.wikipedia.org/wiki/Mauro_Baldi,Q171521
http://en.wikipedia.org/wiki/Stefan_Bellof,Q57435
http://en.wikipedia.org/wiki/Kenny_Acheson,Q173261
http://en.wikipedia.org/wiki/John_Watson_(racing_driver),Q171422
http://en.wikipedia.org/wiki/Johnny_Cecotto,Q173107
http://en.wikipedia.org/wiki/Jo_Gartner,Q78581
http://en.wikipedia.org/wiki/Corrado_Fabi,Q171616
http://en.wikipedia.org/wiki/Mike_Thackwell,Q171752
http://en.wikipedia.org/wiki/Chico_Serra,Q171507
http://en.wikipedia.org/wiki/Danny_Sullivan,Q173105
http://en.wikipedia.org/wiki/Eliseo_Salazar,Q173254
http://en.wikipedia.org/wiki/Roberto_Guerrero,Q126940
http://en.wikipedia.org/wiki/Raul_Boesel,Q171727
http://en.wikipedia.org/wiki/Jean-Pierre_Jarier,Q171683
http://en.wikipedia.org/wiki/Jacques_Villeneuve_(elder),Q374813
http://en.wikipedia.org/wiki/Carlos_Reutemann,Q173238
http://en.wikipedia.org/wiki/Jochen_Mass,Q57459
http://en.wikipedia.org/wiki/Slim_Borgudd,Q172264
http://en.wikipedia.org/wiki/Didier_Pironi,Q171432
http://en.wikipedia.org/wiki/Gilles_Villeneuve,Q172845
http://en.wikipedia.org/wiki/Riccardo_Paletti,Q173258
http://en.wikipedia.org/wiki/Brian_Henton,Q171757
http://en.wikipedia.org/wiki/Derek_Daly,Q171635
http://en.wikipedia.org/wiki/Mario_Andretti,Q171312
http://en.wikipedia.org/wiki/Emilio_de_Villota,Q173206
http://en.wikipedia.org/wiki/Geoff_Lees,Q30708908
http://en.wikipedia.org/wiki/Tommy_Byrne_%28racing_driver%29,Q172167
http://en.wikipedia.org/wiki/Rupert_Keegan,Q171783
http://en.wikipedia.org/wiki/Hector_Rebaque,Q171539
http://en.wikipedia.org/wiki/Beppe_Gabbiani,Q171988
http://en.wikipedia.org/wiki/Kevin_Cogan,Q552613
http://en.wikipedia.org/wiki/Miguel_Angel_Guerra,Q172131
http://en.wikipedia.org/wiki/Siegfried_Stohr,Q172147
http://en.wikipedia.org/wiki/Ricardo_Zunino,Q172229
http://en.wikipedia.org/wiki/Ricardo_Londo%C3%B1o,Q172474
http://en.wikipedia.org/wiki/Jean-Pierre_Jabouille,Q171462
http://en.wikipedia.org/wiki/Giorgio_Francia,Q126229
http://en.wikipedia.org/wiki/Patrick_Depailler,Q171611
http://en.wikipedia.org/wiki/Jody_Scheckter,Q172775
http://en.wikipedia.org/wiki/Clay_Regazzoni,Q173284
http://en.wikipedia.org/wiki/Emerson_Fittipaldi,Q172849
http://en.wikipedia.org/wiki/David_Kennedy_(racing_driver),Q714376
http://en.wikipedia.org/wiki/Stephen_South,Q657158
http://en.wikipedia.org/wiki/Tiff_Needell,Q172265
http://en.wikipedia.org/wiki/Desir%C3%A9_Wilson,Q235767
http://en.wikipedia.org/wiki/Harald_Ertl,Q78548
http://en.wikipedia.org/wiki/Vittorio_Brambilla,Q171533
http://en.wikipedia.org/wiki/James_Hunt,Q140393
http://en.wikipedia.org/wiki/Arturo_Merzario,Q171518
http://en.wikipedia.org/wiki/Hans_Joachim_Stuck,Q58654
http://en.wikipedia.org/wiki/Gianfranco_Brancatelli,Q515974
http://en.wikipedia.org/wiki/Jacky_Ickx,Q173123
http://en.wikipedia.org/wiki/Patrick_Gaillard,Q172204
http://en.wikipedia.org/wiki/Alex_Ribeiro,Q172893
http://en.wikipedia.org/wiki/Ronnie_Peterson,Q173280
http://en.wikipedia.org/wiki/Brett_Lunger,Q171738
http://en.wikipedia.org/wiki/Danny_Ongais,Q172322
http://en.wikipedia.org/wiki/Lamberto_Leoni,Q171967
http://en.wikipedia.org/wiki/Divina_Galica,Q233449
http://en.wikipedia.org/wiki/Rolf_Stommelen,Q57925
http://en.wikipedia.org/wiki/Alberto_Colombo,Q1613353
http://en.wikipedia.org/wiki/Tony_Trimmer,Q509740
http://en.wikipedia.org/wiki/Hans_Binder,Q78593
http://en.wikipedia.org/wiki/Michael_Bleekemolen,Q172024
http://en.wikipedia.org/wiki/Gimax,Q867073
http://en.wikipedia.org/wiki/Bobby_Rahal,Q172255
http://en.wikipedia.org/wiki/Carlos_Pace,Q171443
http://en.wikipedia.org/wiki/Ian_Scheckter,Q172733
http://en.wikipedia.org/wiki/Tom_Pryce,Q172835
http://en.wikipedia.org/wiki/Ingo_Hoffmann,Q171754
http://en.wikipedia.org/wiki/Renzo_Zorzi,Q172231
http://en.wikipedia.org/wiki/Gunnar_Nilsson,Q171445
http://en.wikipedia.org/wiki/Larry_Perkins,Q172072
http://en.wikipedia.org/wiki/Boy_Hayje,Q172051
http://en.wikipedia.org/wiki/Patrick_Neve,Q172187
http://en.wikipedia.org/wiki/David_Purley,Q171743
http://en.wikipedia.org/wiki/Conny_Andersson_(racing_driver),Q172242
http://en.wikipedia.org/wiki/Bernard_de_Dryver,Q265439
http://en.wikipedia.org/wiki/Jackie_Oliver,Q171720
http://en.wikipedia.org/wiki/Mikko_Kozarowitzky,Q518344
http://en.wikipedia.org/wiki/Andy_Sutcliffe,Q2287026
http://en.wikipedia.org/wiki/Guy_Edwards,Q171975
http://en.wikipedia.org/wiki/Brian_McGuire,Q95679566
http://en.wikipedia.org/wiki/Vern_Schuppan,Q172076
http://en.wikipedia.org/wiki/Hans_Heyer,Q61284
http://en.wikipedia.org/wiki/Teddy_Pilette,Q172136
http://en.wikipedia.org/wiki/Ian_Ashley,Q173469
http://en.wikipedia.org/wiki/Loris_Kessel,Q173286
http://en.wikipedia.org/wiki/Kunimitsu_Takahashi,Q172252
http://en.wikipedia.org/wiki/Kazuyoshi_Hoshino,Q171739
http://en.wikipedia.org/wiki/Noritake_Takahara,Q171978
http://en.wikipedia.org/wiki/Lella_Lombardi,Q171569
http://en.wikipedia.org/wiki/Bob_Evans_(race_driver),Q171886
http://en.wikipedia.org/wiki/Michel_Lecl%C3%A8re,Q171971
http://en.wikipedia.org/wiki/Chris_Amon,Q171469
http://en.wikipedia.org/wiki/Emilio_Zapico,Q461398
http://en.wikipedia.org/wiki/Henri_Pescarolo,Q171593
http://en.wikipedia.org/wiki/Jac_Nelleman,Q516000
http://en.wikipedia.org/wiki/Damien_Magee,Q172315
http://en.wikipedia.org/wiki/Mike_Wilds,Q172049
http://en.wikipedia.org/wiki/Alessandro_Pesenti-Rossi,Q172545
http://en.wikipedia.org/wiki/Otto_Stuppacher,Q78582
http://en.wikipedia.org/wiki/Warwick_Brown,Q172543
http://en.wikipedia.org/wiki/Masahiro_Hasemi,Q172106
http://en.wikipedia.org/wiki/Mark_Donohue,Q171732
http://en.wikipedia.org/wiki/Graham_Hill,Q3128
http://en.wikipedia.org/wiki/Wilson_Fittipaldi,Q173296
http://en.wikipedia.org/wiki/Guy_Tunmer,Q172307
http://en.wikipedia.org/wiki/Eddie_Keizan,Q172327
http://en.wikipedia.org/wiki/Dave_Charlton,Q460768
http://en.wikipedia.org/wiki/Tony_Brise,Q171490
http://en.wikipedia.org/wiki/Roelof_Wunderink,Q172224
http://en.wikipedia.org/wiki/Fran%C3%A7ois_Migault,Q172235
http://en.wikipedia.org/wiki/Torsten_Palm,Q172386
http://en.wikipedia.org/wiki/Gijs_Van_Lennep,Q120308
http://en.wikipedia.org/wiki/Hiroshi_Fushida,Q455855
http://en.wikipedia.org/wiki/John_Nicholson_(racing_driver),Q171986
http://en.wikipedia.org/wiki/Dave_Morgan_(racing_driver),Q172338
http://en.wikipedia.org/wiki/Jim_Crawford_(driver),Q172348
http://en.wikipedia.org/wiki/Jo_Vonlanthen,Q115685
http://en.wikipedia.org/wiki/Denny_Hulme,Q3166
http://en.wikipedia.org/wiki/Mike_Hailwood,Q173147
http://en.wikipedia.org/wiki/Jean-Pierre_Beltoise,Q171526
http://en.wikipedia.org/wiki/Howden_Ganley,Q171733
http://en.wikipedia.org/wiki/Richard_Robarts,Q172182
http://en.wikipedia.org/wiki/Peter_Revson,Q171535
http://en.wikipedia.org/wiki/Paddy_Driver,Q172501
http://en.wikipedia.org/wiki/Tom_Bels%C3%B8,Q173098
http://en.wikipedia.org/wiki/Brian_Redman,Q171746
http://en.wikipedia.org/wiki/Rikky_von_Opel,Q171562
http://en.wikipedia.org/wiki/Tim_Schenken,Q171499
http://en.wikipedia.org/wiki/G%C3%A9rard_Larrousse,Q171768
http://en.wikipedia.org/wiki/Leo_Kinnunen,Q173325
http://en.wikipedia.org/wiki/Reine_Wisell,Q172262
http://en.wikipedia.org/wiki/Bertil_Roos,Q172531
http://en.wikipedia.org/wiki/Jos%C3%A9_Dolhem,Q172050
http://en.wikipedia.org/wiki/Peter_Gethin,Q171511
http://en.wikipedia.org/wiki/Derek_Bell_(auto_racer),Q165814
http://en.wikipedia.org/wiki/David_Hobbs_(racing_driver),Q173466
http://en.wikipedia.org/wiki/Dieter_Quester,Q78551
http://en.wikipedia.org/wiki/Helmuth_Koinigg,Q78543
http://en.wikipedia.org/wiki/Carlo_Facetti,Q552143
http://en.wikipedia.org/wiki/Eppie_Wietzes,Q172285
http://en.wikipedia.org/wiki/Fran%C3%A7ois_Cevert,Q172773
http://en.wikipedia.org/wiki/Jackie_Stewart,Q3188
http://en.wikipedia.org/wiki/Mike_Beuttler,Q171734
http://en.wikipedia.org/wiki/Nanni_Galli,Q173349
http://en.wikipedia.org/wiki/Luiz_Bueno,Q172053
http://en.wikipedia.org/wiki/George_Follmer,Q172096
http://en.wikipedia.org/wiki/Andrea_de_Adamich,Q173250
http://en.wikipedia.org/wiki/Jackie_Pretorius,Q172045
http://en.wikipedia.org/wiki/Roger_Williamson,Q171501
http://en.wikipedia.org/wiki/Graham_McRae,Q172535
http://en.wikipedia.org/wiki/Helmut_Marko,Q78545
http://en.wikipedia.org/wiki/David_Walker_(racing_driver),Q172091
http://en.wikipedia.org/wiki/Alex_Soler-Roig,Q172246
http://en.wikipedia.org/wiki/John_Love_(racing_driver),Q172192
http://en.wikipedia.org/wiki/John_Surtees,Q3153
http://en.wikipedia.org/wiki/Skip_Barber,Q172094
http://en.wikipedia.org/wiki/Bill_Brack,Q172649
http://en.wikipedia.org/wiki/Sam_Posey,Q172311
http://en.wikipedia.org/wiki/Pedro_Rodr%C3%ADguez_(racing_driver),Q171452
http://en.wikipedia.org/wiki/Jo_Siffert,Q171531
http://en.wikipedia.org/wiki/Joakim_Bonnier,Q172239
http://en.wikipedia.org/wiki/Fran%C3%A7ois_Mazet,Q172257
http://en.wikipedia.org/wiki/Max_Jean,Q172074
http://en.wikipedia.org/wiki/Vic_Elford,Q173244
http://en.wikipedia.org/wiki/Silvio_Moser,Q173283
http://en.wikipedia.org/wiki/George_Eaton,Q28151129
http://en.wikipedia.org/wiki/Pete_Lovely,Q172196
http://en.wikipedia.org/wiki/Chris_Craft_(racing_driver),Q172309
http://en.wikipedia.org/wiki/John_Cannon_(auto_racer),Q172525
http://en.wikipedia.org/wiki/Jack_Brabham,Q2125
http://en.wikipedia.org/wiki/John_Miles_(auto_racer),Q172189
http://en.wikipedia.org/wiki/Jochen_Rindt,Q3234
http://en.wikipedia.org/wiki/Johnny_Servoz-Gavin,Q171767
http://en.wikipedia.org/wiki/Bruce_McLaren,Q173081
http://en.wikipedia.org/wiki/Piers_Courage,Q171621
http://en.wikipedia.org/wiki/Peter_de_Klerk,Q172487
http://en.wikipedia.org/wiki/Ignazio_Giunti,Q172027
http://en.wikipedia.org/wiki/Dan_Gurney,Q171466
http://en.wikipedia.org/wiki/Hubert_Hahne,Q61858
http://en.wikipedia.org/wiki/Gus_Hutchison,Q172318
http://en.wikipedia.org/wiki/Peter_Westbury,Q172429
http://en.wikipedia.org/wiki/Sam_Tingle,Q172493
http://en.wikipedia.org/wiki/Basil_van_Rooyen,Q172816
http://en.wikipedia.org/wiki/Richard_Attwood,Q172194
http://en.wikipedia.org/wiki/Al_Pease,Q172469
http://en.wikipedia.org/wiki/John_Cordts,Q172514
http://en.wikipedia.org/wiki/Jim_Clark,Q3137
http://en.wikipedia.org/wiki/Mike_Spence,Q171729
http://en.wikipedia.org/wiki/Ludovico_Scarfiotti,Q171568
http://en.wikipedia.org/wiki/Lucien_Bianchi,Q171893
http://en.wikipedia.org/wiki/Jo_Schlesser,Q171786
http://en.wikipedia.org/wiki/Robin_Widdows,Q172427
"http://en.wikipedia.org/wiki/Kurt_Ahrens,_Jr.",Q60395
http://en.wikipedia.org/wiki/Frank_Gardner_(driver),Q172539
http://en.wikipedia.org/wiki/Bobby_Unser,Q172100
http://en.wikipedia.org/wiki/Mois%C3%A9s_Solana,Q172143
http://en.wikipedia.org/wiki/Bob_Anderson_(racing_driver),Q173430
http://en.wikipedia.org/wiki/Luki_Botha,Q172646
http://en.wikipedia.org/wiki/Lorenzo_Bandini,Q173006
http://en.wikipedia.org/wiki/Richie_Ginther,Q171460
http://en.wikipedia.org/wiki/Mike_Parkes,Q172141
http://en.wikipedia.org/wiki/Chris_Irwin,Q515506
http://en.wikipedia.org/wiki/Guy_Ligier,Q172174
http://en.wikipedia.org/wiki/Alan_Rees_(racing_driver),Q172273
http://en.wikipedia.org/wiki/Brian_Hart,Q173455
http://en.wikipedia.org/wiki/Mike_Fisher_(driver),Q172357
http://en.wikipedia.org/wiki/Tom_Jones_(auto_racer),Q927200
http://en.wikipedia.org/wiki/Giancarlo_Baghetti,Q171478
http://en.wikipedia.org/wiki/Jonathan_Williams_(racing_driver),Q172506
http://en.wikipedia.org/wiki/Bob_Bondurant,Q172496
http://en.wikipedia.org/wiki/Peter_Arundell,Q173456
http://en.wikipedia.org/wiki/Vic_Wilson_(motor_racing_driver),Q172486
http://en.wikipedia.org/wiki/John_Taylor_(racer),Q171774
http://en.wikipedia.org/wiki/Chris_Lawrence_(racing_driver),Q172364
http://en.wikipedia.org/wiki/Trevor_Taylor,Q47001334
http://en.wikipedia.org/wiki/Geki_(driver),Q173342
http://en.wikipedia.org/wiki/Phil_Hill,Q3112
http://en.wikipedia.org/wiki/Innes_Ireland,Q173336
http://en.wikipedia.org/wiki/Ronnie_Bucknum,Q172034
http://en.wikipedia.org/wiki/Paul_Hawkins_(racing_driver),Q172342
http://en.wikipedia.org/wiki/David_Prophet,Q172513
http://en.wikipedia.org/wiki/Tony_Maggs,Q171830
http://en.wikipedia.org/wiki/Trevor_Blokdyk,Q172515
http://en.wikipedia.org/wiki/Neville_Lederle,Q172279
http://en.wikipedia.org/wiki/Doug_Serrurier,Q172212
http://en.wikipedia.org/wiki/Brausch_Niemann,Q172518
http://en.wikipedia.org/wiki/Ernie_Pieterse,Q172139
http://en.wikipedia.org/wiki/Clive_Puzey,Q2297253
http://en.wikipedia.org/wiki/Ray_Reed,Q1638803
http://en.wikipedia.org/wiki/David_Clapham,Q2189587
http://en.wikipedia.org/wiki/Alex_Blignaut,Q173706
http://en.wikipedia.org/wiki/Masten_Gregory,Q173421
http://en.wikipedia.org/wiki/John_Rhodes_(driver),Q173566
http://en.wikipedia.org/wiki/Ian_Raby,Q172274
http://en.wikipedia.org/wiki/Alan_Rollinson,Q2324604
http://en.wikipedia.org/wiki/Brian_Gubby,Q2456454
http://en.wikipedia.org/wiki/Gerhard_Mitter,Q60883
http://en.wikipedia.org/wiki/Roberto_Bussinello,Q172499
http://en.wikipedia.org/wiki/Nino_Vaccarella,Q173443
http://en.wikipedia.org/wiki/Giorgio_Bassi,Q172332
http://en.wikipedia.org/wiki/Maurice_Trintignant,Q171438
http://en.wikipedia.org/wiki/Bernard_Collomb,Q172805
http://en.wikipedia.org/wiki/Andr%C3%A9_Pilette,Q172119
http://en.wikipedia.org/wiki/Carel_Godin_de_Beaufort,Q171963
http://en.wikipedia.org/wiki/Edgar_Barth,Q61286
http://en.wikipedia.org/wiki/Mario_de_Araujo_Cabral,Q173420
http://en.wikipedia.org/wiki/Walt_Hansgen,Q172412
http://en.wikipedia.org/wiki/Hap_Sharp,Q171960
http://en.wikipedia.org/wiki/Willy_Mairesse,Q171881
http://en.wikipedia.org/wiki/John_Campbell-Jones,Q173644
http://en.wikipedia.org/wiki/Ian_Burgess,Q172043
http://en.wikipedia.org/wiki/Tony_Settember,Q172361
http://en.wikipedia.org/wiki/Nasif_Est%C3%A9fano,Q172090
http://en.wikipedia.org/wiki/Jim_Hall_(race_car_driver),Q172282
http://en.wikipedia.org/wiki/Tim_Parnell,Q172802
http://en.wikipedia.org/wiki/Kurt_Kuhnke,Q687734
http://en.wikipedia.org/wiki/Ernesto_Brambilla,Q706616
http://en.wikipedia.org/wiki/Roberto_Lippi,Q45223
http://en.wikipedia.org/wiki/G%C3%BCnther_Seiffert,Q2888614
http://en.wikipedia.org/wiki/Carlo_Mario_Abate,Q556690
http://en.wikipedia.org/wiki/Gaetano_Starrabba,Q172818
http://en.wikipedia.org/wiki/Peter_Broeker,Q172828
http://en.wikipedia.org/wiki/Rodger_Ward,Q172475
http://en.wikipedia.org/wiki/Ernie_de_Vos,Q2745970
http://en.wikipedia.org/wiki/Frank_Dochnal,Q2455901
http://en.wikipedia.org/wiki/Talk:1963_Mexican_Grand_Prix#Who_was_Thomas_Monarch.3F,Q3544896
http://en.wikipedia.org/wiki/Pierre_Gasly,Q11816647
http://en.wikipedia.org/wiki/Jackie_Lewis,Q172433
http://en.wikipedia.org/wiki/Ricardo_Rodr%C3%ADguez_(Formula_One),Q171766
http://en.wikipedia.org/wiki/Wolfgang_Seidel,Q61495
http://en.wikipedia.org/wiki/Roy_Salvadori,Q171717
http://en.wikipedia.org/wiki/Ben_Pon,Q172658
http://en.wikipedia.org/wiki/Rob_Slotemaker,Q1862046
http://en.wikipedia.org/wiki/Tony_Marsh_(racing_driver),Q172660
http://en.wikipedia.org/wiki/Gerry_Ashmore,Q172826
http://en.wikipedia.org/wiki/Heinz_Schiller,Q116638
http://en.wikipedia.org/wiki/Colin_Davis_(driver),Q172819
http://en.wikipedia.org/wiki/Jay_Chamberlain,Q172813
http://en.wikipedia.org/wiki/Tony_Shelly,Q173592
http://en.wikipedia.org/wiki/Keith_Greene,Q172815
http://en.wikipedia.org/wiki/Heini_Walter,Q115666
http://en.wikipedia.org/wiki/Ernesto_Prinoth,Q145076
http://en.wikipedia.org/wiki/Roger_Penske,Q172155
http://en.wikipedia.org/wiki/Rob_Schroeder,Q173681
http://en.wikipedia.org/wiki/Timmy_Mayer,Q172268
http://en.wikipedia.org/wiki/Bruce_Johnstone_(racing_driver),Q173693
http://en.wikipedia.org/wiki/Mike_Harris_(race_car_driver),Q172606
http://en.wikipedia.org/wiki/Gary_Hocking,Q614845
http://en.wikipedia.org/wiki/Syd_van_der_Vyver,Q173720
http://en.wikipedia.org/wiki/Stirling_Moss,Q172728
http://en.wikipedia.org/wiki/Wolfgang_Graf_Berghe_von_Trips,Q57451
http://en.wikipedia.org/wiki/Cliff_Allison,Q171723
http://en.wikipedia.org/wiki/Hans_Herrmann,Q65915
http://en.wikipedia.org/wiki/Tony_Brooks,Q1845218
http://en.wikipedia.org/wiki/Michael_May_(racing_driver),Q173561
http://en.wikipedia.org/wiki/Henry_Taylor_(racing_driver),Q172405
http://en.wikipedia.org/wiki/Olivier_Gendebien,Q172142
http://en.wikipedia.org/wiki/Giorgio_Scarlatti,Q172029
http://en.wikipedia.org/wiki/Brian_Naylor,Q11962262
http://en.wikipedia.org/wiki/Juan_Manuel_Bordeu,Q636886
http://en.wikipedia.org/wiki/Jack_Fairman,Q172644
http://en.wikipedia.org/wiki/Massimo_Natili,Q172624
http://en.wikipedia.org/wiki/Peter_Monteverdi,Q117190
http://en.wikipedia.org/wiki/Renato_Pirocchi,Q172627
http://en.wikipedia.org/wiki/Geoff_Duke,Q339600
http://en.wikipedia.org/wiki/Alfonso_Thiele,Q173247
http://en.wikipedia.org/wiki/Menato_Boffa,Q2538827
http://en.wikipedia.org/wiki/Peter_Ryan_(driver),Q172806
http://en.wikipedia.org/wiki/Lloyd_Ruby,Q172293
http://en.wikipedia.org/wiki/Ken_Miles,Q949196
http://en.wikipedia.org/wiki/Carlos_Menditeguy,Q172111
http://en.wikipedia.org/wiki/Alberto_Rodriguez_Larreta,Q172789
http://en.wikipedia.org/wiki/Jos%C3%A9_Froil%C3%A1n_Gonz%C3%A1lez,Q171447
http://en.wikipedia.org/wiki/Roberto_Bonomi,Q172206
http://en.wikipedia.org/wiki/Gino_Munaron,Q172785
http://en.wikipedia.org/wiki/Harry_Schell,Q171561
http://en.wikipedia.org/wiki/Alan_Stacey,Q171980
http://en.wikipedia.org/wiki/Ettore_Chimeri,Q172609
http://en.wikipedia.org/wiki/Antonio_Creus,Q172220
http://en.wikipedia.org/wiki/Chris_Bristow,Q172103
http://en.wikipedia.org/wiki/Bruce_Halford,Q172443
http://en.wikipedia.org/wiki/Chuck_Daigh,Q172276
http://en.wikipedia.org/wiki/Lance_Reventlow,Q172592
http://en.wikipedia.org/wiki/Jim_Rathmann,Q121904990
http://en.wikipedia.org/wiki/Paul_Goldsmith,Q172557
http://en.wikipedia.org/wiki/Don_Branson,Q172420
http://en.wikipedia.org/wiki/Johnny_Thomson,Q172454
http://en.wikipedia.org/wiki/Eddie_Johnson_(auto_racer),Q173677
http://en.wikipedia.org/wiki/Bob_Veith,Q172562
http://en.wikipedia.org/wiki/Bud_Tingelstad,Q173642
http://en.wikipedia.org/wiki/Bob_Christie_(racing_driver),Q172611
http://en.wikipedia.org/wiki/Red_Amick,Q173439
http://en.wikipedia.org/wiki/Duane_Carter,Q172312
http://en.wikipedia.org/wiki/Bill_Homeier,Q173687
http://en.wikipedia.org/wiki/Gene_Hartley,Q173697
http://en.wikipedia.org/wiki/Chuck_Stevenson,Q172647
http://en.wikipedia.org/wiki/Bobby_Grim,Q173654
http://en.wikipedia.org/wiki/Shorty_Templeman,Q173700
http://en.wikipedia.org/wiki/Jim_Hurtubise,Q172585
http://en.wikipedia.org/wiki/Jimmy_Bryan,Q172278
http://en.wikipedia.org/wiki/Troy_Ruttman,Q172165
http://en.wikipedia.org/wiki/Eddie_Sachs,Q172472
http://en.wikipedia.org/wiki/Don_Freeland,Q172547
http://en.wikipedia.org/wiki/Tony_Bettenhausen,Q172098
http://en.wikipedia.org/wiki/Wayne_Weiler,Q173669
http://en.wikipedia.org/wiki/A.J._Foyt,Q173228
http://en.wikipedia.org/wiki/Eddie_Russo,Q173682
http://en.wikipedia.org/wiki/Johnny_Boyd,Q172481
http://en.wikipedia.org/wiki/Gene_Force,Q173666
http://en.wikipedia.org/wiki/Jim_McWithey,Q173649
http://en.wikipedia.org/wiki/Len_Sutton,Q173674
http://en.wikipedia.org/wiki/Dick_Rathmann,Q172596
http://en.wikipedia.org/wiki/Al_Herman,Q173719
http://en.wikipedia.org/wiki/Dempsey_Wilson,Q173711
http://en.wikipedia.org/wiki/Mike_Taylor_(driver),Q172604
http://en.wikipedia.org/wiki/Ron_Flockhart_(auto_racing),Q172479
http://en.wikipedia.org/wiki/David_Piper,Q92784043
http://en.wikipedia.org/wiki/Giulio_Cabianca,Q711156
http://en.wikipedia.org/wiki/Piero_Drogo,Q172823
http://en.wikipedia.org/wiki/Fred_Gamble_(racing_driver),Q172799
http://en.wikipedia.org/wiki/Arthur_Owen,Q93023360
http://en.wikipedia.org/wiki/Horace_Gould,Q172504
http://en.wikipedia.org/wiki/Bob_Drake_(Formula_One),Q172612
http://en.wikipedia.org/wiki/Ivor_Bueb,Q172127
http://en.wikipedia.org/wiki/Alain_de_Changy,Q555844
http://en.wikipedia.org/wiki/Maria_Teresa_de_Filippis,Q171572
http://en.wikipedia.org/wiki/Jean_Lucienbonnet,Q595137
http://en.wikipedia.org/wiki/Andr%C3%A9_Testut,Q732138
http://en.wikipedia.org/wiki/Jean_Behra,Q172250
http://en.wikipedia.org/wiki/Paul_Russo,Q172655
http://en.wikipedia.org/wiki/Jimmy_Daywalt,Q172651
http://en.wikipedia.org/wiki/Chuck_Arnold,Q173408
http://en.wikipedia.org/wiki/Al_Keller,Q670418
http://en.wikipedia.org/wiki/Pat_Flaherty_(racing_driver),Q172630
http://en.wikipedia.org/wiki/Bill_Cheesbourg,Q172554
http://en.wikipedia.org/wiki/Ray_Crawford,Q173215
http://en.wikipedia.org/wiki/Jack_Turner_(driver),Q173686
http://en.wikipedia.org/wiki/Chuck_Weyant,Q172629
http://en.wikipedia.org/wiki/Jud_Larson,Q172643
http://en.wikipedia.org/wiki/Mike_Magill,Q173657
http://en.wikipedia.org/wiki/Carroll_Shelby,Q354043
http://en.wikipedia.org/wiki/Fritz_d%27Orey,Q172335
http://en.wikipedia.org/wiki/Azdrubal_Fontes,Q2453991
http://en.wikipedia.org/wiki/Peter_Ashdown,Q173410
http://en.wikipedia.org/wiki/Bill_Moss_(racing_driver),Q2726763
http://en.wikipedia.org/wiki/Dennis_Taylor_(racing_driver),Q62742384
http://en.wikipedia.org/wiki/Harry_Blanchard,Q172384
http://en.wikipedia.org/wiki/Alessandro_de_Tomaso,Q172234
http://en.wikipedia.org/wiki/George_Constantine,Q54371669
http://en.wikipedia.org/wiki/Bob_Said,Q172794
http://en.wikipedia.org/wiki/Phil_Cade,Q1807265
http://en.wikipedia.org/wiki/Luigi_Musso,Q171484
http://en.wikipedia.org/wiki/Mike_Hawthorn,Q2104
http://en.wikipedia.org/wiki/Juan_Manuel_Fangio,Q2069
http://en.wikipedia.org/wiki/Paco_Godia,Q171922
http://en.wikipedia.org/wiki/Peter_Collins_(racing_driver),Q171483
http://en.wikipedia.org/wiki/Ken_Kavanagh,Q773871
http://en.wikipedia.org/wiki/Gerino_Gerini_(racing_driver),Q139349
http://en.wikipedia.org/wiki/Bruce_Kessler,Q2276422
http://en.wikipedia.org/wiki/Paul_Emery,Q172551
http://en.wikipedia.org/wiki/Luigi_Piotti,Q172564
http://en.wikipedia.org/wiki/Bernie_Ecclestone,Q172724
http://en.wikipedia.org/wiki/Luigi_Taramazzo,Q775245
http://en.wikipedia.org/wiki/Louis_Chiron,Q173226
http://en.wikipedia.org/wiki/Stuart_Lewis-Evans,Q171961
http://en.wikipedia.org/wiki/George_Amick,Q173434
http://en.wikipedia.org/wiki/Jimmy_Reece,Q173715
http://en.wikipedia.org/wiki/Johnnie_Parsons,Q366770
http://en.wikipedia.org/wiki/Johnnie_Tolan,Q172591
http://en.wikipedia.org/wiki/Billy_Garrett,Q172594
http://en.wikipedia.org/wiki/Ed_Elisian,Q172598
http://en.wikipedia.org/wiki/Pat_O%27Connor_(auto_racer),Q961162
http://en.wikipedia.org/wiki/Jerry_Unser,Q172441
http://en.wikipedia.org/wiki/Art_Bisch,Q173590
http://en.wikipedia.org/wiki/Christian_Goethals,Q172790
http://en.wikipedia.org/wiki/Dick_Gibson,Q2650277
http://en.wikipedia.org/wiki/Robert_La_Caze,Q172447
http://en.wikipedia.org/wiki/Andr%C3%A9_Guelfi,Q172450
http://en.wikipedia.org/wiki/Fran%C3%A7ois_Picard,Q3085553
http://en.wikipedia.org/wiki/Tom_Bridger,Q172793
http://en.wikipedia.org/wiki/Alfonso_de_Portago,Q172101
http://en.wikipedia.org/wiki/Cesare_Perdisa,Q172138
http://en.wikipedia.org/wiki/Eugenio_Castellotti,Q171933
http://en.wikipedia.org/wiki/Andr%C3%A9_Simon_(racing_driver),Q172463
http://en.wikipedia.org/wiki/Les_Leston,Q172795
http://en.wikipedia.org/wiki/Sam_Hanks,Q172291
http://en.wikipedia.org/wiki/Andy_Linden_(racing_driver),Q172574
http://en.wikipedia.org/wiki/Marshall_Teague_(racing_driver),Q173569
http://en.wikipedia.org/wiki/Don_Edmunds,Q173588
http://en.wikipedia.org/wiki/Fred_Agabashian,Q171959
http://en.wikipedia.org/wiki/Elmer_George,Q172552
http://en.wikipedia.org/wiki/Mike_MacDowel,Q173599
http://en.wikipedia.org/wiki/Herbert_MacKay-Fraser,Q172434
http://en.wikipedia.org/wiki/Bob_Gerard,Q172325
http://en.wikipedia.org/wiki/Umberto_Maglioli,Q113327
http://en.wikipedia.org/wiki/Paul_England,Q172527
http://en.wikipedia.org/wiki/Chico_Landi,Q172078
http://en.wikipedia.org/wiki/Alberto_Uria,Q173195
http://en.wikipedia.org/wiki/Hernando_da_Silva_Ramos,Q171770
http://en.wikipedia.org/wiki/%C3%89lie_Bayol,Q172036
http://en.wikipedia.org/wiki/Robert_Manzon,Q171512
http://en.wikipedia.org/wiki/Louis_Rosier,Q173078
http://en.wikipedia.org/wiki/Bob_Sweikert,Q172134
http://en.wikipedia.org/wiki/Cliff_Griffith,Q173694
http://en.wikipedia.org/wiki/Duke_Dinsmore,Q172602
http://en.wikipedia.org/wiki/Keith_Andrews_(driver),Q173433
http://en.wikipedia.org/wiki/Paul_Fr%C3%A8re,Q173328
http://en.wikipedia.org/wiki/Luigi_Villoresi,Q171514
http://en.wikipedia.org/wiki/Piero_Scotti,Q172603
http://en.wikipedia.org/wiki/Colin_Chapman,Q173007
http://en.wikipedia.org/wiki/Desmond_Titterington,Q172825
http://en.wikipedia.org/wiki/Archie_Scott_Brown,Q555776
http://en.wikipedia.org/wiki/Ottorino_Volonterio,Q115693
http://en.wikipedia.org/wiki/Andr%C3%A9_Milhoux,Q172814
http://en.wikipedia.org/wiki/Toulo_de_Graffenried,Q115778
http://en.wikipedia.org/wiki/Piero_Taruffi,Q171578
http://en.wikipedia.org/wiki/Nino_Farina,Q2040
http://en.wikipedia.org/wiki/Roberto_Mieres,Q171777
http://en.wikipedia.org/wiki/Sergio_Mantovani,Q172124
http://en.wikipedia.org/wiki/Clemar_Bucci,Q173281
http://en.wikipedia.org/wiki/Jes%C3%BAs_Iglesias,Q173611
http://en.wikipedia.org/wiki/Alberto_Ascari,Q2086
http://en.wikipedia.org/wiki/Karl_Kling,Q63713
http://en.wikipedia.org/wiki/Pablo_Birger,Q172418
http://en.wikipedia.org/wiki/Jacques_Pollet,Q172355
http://en.wikipedia.org/wiki/Lance_Macklin,Q172199
http://en.wikipedia.org/wiki/Ted_Whiteaway,Q1192944
http://en.wikipedia.org/wiki/Jimmy_Davies,Q172568
http://en.wikipedia.org/wiki/Walt_Faulkner,Q173418
http://en.wikipedia.org/wiki/Cal_Niday,Q172583
http://en.wikipedia.org/wiki/Art_Cross,Q172437
http://en.wikipedia.org/wiki/Bill_Vukovich,Q171619
http://en.wikipedia.org/wiki/Jack_McGrath_(racing_driver),Q172215
http://en.wikipedia.org/wiki/Jerry_Hoyt,Q172519
http://en.wikipedia.org/wiki/Johnny_Claes,Q171889
http://en.wikipedia.org/wiki/Peter_Walker_(driver),Q171891
http://en.wikipedia.org/wiki/Mike_Sparken,Q172570
http://en.wikipedia.org/wiki/Ken_Wharton,Q172452
http://en.wikipedia.org/wiki/Kenneth_McAlpine,Q172259
http://en.wikipedia.org/wiki/Leslie_Marr,Q172117
http://en.wikipedia.org/wiki/Tony_Rolt,Q172202
http://en.wikipedia.org/wiki/John_Fitch_(driver),Q172492
http://en.wikipedia.org/wiki/Jean_Lucas,Q2376242
http://en.wikipedia.org/wiki/Prince_Bira,Q173204
http://en.wikipedia.org/wiki/Onofre_Marim%C3%B3n,Q171624
http://en.wikipedia.org/wiki/Roger_Loyer,Q172829
http://en.wikipedia.org/wiki/Jorge_Daponte,Q173593
http://en.wikipedia.org/wiki/Mike_Nazaruk,Q172300
http://en.wikipedia.org/wiki/Larry_Crockett,Q172578
http://en.wikipedia.org/wiki/Manny_Ayulo,Q173076
http://en.wikipedia.org/wiki/Frank_Armi,Q173463
http://en.wikipedia.org/wiki/Travis_Webb,Q172636
http://en.wikipedia.org/wiki/Len_Duncan,Q172576
http://en.wikipedia.org/wiki/Ernie_McCoy,Q107026846
http://en.wikipedia.org/wiki/Jacques_Swaters,Q172508
http://en.wikipedia.org/wiki/Georges_Berger,Q172473
http://en.wikipedia.org/wiki/Don_Beauman,Q172830
http://en.wikipedia.org/wiki/Leslie_Thorne,Q172410
http://en.wikipedia.org/wiki/Bill_Whitehouse,Q172559
http://en.wikipedia.org/wiki/John_Riseley-Prichard,Q172801
http://en.wikipedia.org/wiki/Reg_Parnell,Q172057
http://en.wikipedia.org/wiki/Peter_Whitehead_(racing_driver),Q173049
http://en.wikipedia.org/wiki/Eric_Brandon,Q172414
http://en.wikipedia.org/wiki/Alan_Brown_(racing_driver),Q172236
http://en.wikipedia.org/wiki/Rodney_Nuckey,Q172810
http://en.wikipedia.org/wiki/Hermann_Lang,Q60409
http://en.wikipedia.org/wiki/Theo_Helfrich,Q61295
http://en.wikipedia.org/wiki/Fred_Wacker,Q172374
http://en.wikipedia.org/wiki/Giovanni_de_Riu,Q738155
http://en.wikipedia.org/wiki/%C3%93scar_Alfredo_G%C3%A1lvez,Q172084
http://en.wikipedia.org/wiki/John_Barber_(racing_driver),Q173968
http://en.wikipedia.org/wiki/Felice_Bonetto,Q171897
http://en.wikipedia.org/wiki/Adolfo_Schewelm_Cruz,Q144508
http://en.wikipedia.org/wiki/Duke_Nalon,Q113496
http://en.wikipedia.org/wiki/Carl_Scarborough,Q172639
http://en.wikipedia.org/wiki/Bill_Holland,Q173073
http://en.wikipedia.org/wiki/Bob_Scott_(auto_racer),Q172580
http://en.wikipedia.org/wiki/Arthur_Legat,Q172281
http://en.wikipedia.org/wiki/Yves_Giraud_Cabantous,Q171565
http://en.wikipedia.org/wiki/Tony_Crook,Q30708623
http://en.wikipedia.org/wiki/Jimmy_Stewart_(racing_driver),Q172249
http://en.wikipedia.org/wiki/Ian_Stewart_(racing_driver),Q172808
http://en.wikipedia.org/wiki/Duncan_Hamilton_(racing_driver),Q171991
http://en.wikipedia.org/wiki/Ernst_Klodwig,Q61459
http://en.wikipedia.org/wiki/Rudolf_Krause,Q61842
http://en.wikipedia.org/wiki/Oswald_Karch,Q62697
http://en.wikipedia.org/wiki/Willi_Heeks,Q61486
http://en.wikipedia.org/wiki/Theo_Fitzau,Q61918
http://en.wikipedia.org/wiki/Kurt_Adolff,Q61033
http://en.wikipedia.org/wiki/G%C3%BCnther_Bechem,Q61488
http://en.wikipedia.org/wiki/Erwin_Bauer,Q63840
http://en.wikipedia.org/wiki/Hans_Von_Stuck,Q61541
http://en.wikipedia.org/wiki/Ernst_Loof,Q62700
http://en.wikipedia.org/wiki/Albert_Scherrer,Q116272
http://en.wikipedia.org/wiki/Max_de_Terra,Q115677
http://en.wikipedia.org/wiki/Peter_Hirt,Q172120
http://en.wikipedia.org/wiki/Piero_Carini,Q119004
http://en.wikipedia.org/wiki/Rudi_Fischer,Q171968
http://en.wikipedia.org/wiki/Toni_Ulmen,Q61832
http://en.wikipedia.org/wiki/George_Abecassis,Q173276
http://en.wikipedia.org/wiki/George_Connor_(driver),Q172571
http://en.wikipedia.org/wiki/Jim_Rigsby,Q173709
http://en.wikipedia.org/wiki/Joe_James_(racing_driver),Q173716
http://en.wikipedia.org/wiki/Bill_Schindler,Q173679
http://en.wikipedia.org/wiki/George_Fonder,Q173635
http://en.wikipedia.org/wiki/Henry_Banks,Q172431
http://en.wikipedia.org/wiki/Johnny_McDowell,Q173647
http://en.wikipedia.org/wiki/Chet_Miller,Q173645
http://en.wikipedia.org/wiki/Bobby_Ball_(auto_racer),Q172121
http://en.wikipedia.org/wiki/Charles_de_Tornaco,Q173382
http://en.wikipedia.org/wiki/Roger_Laurent,Q146857
http://en.wikipedia.org/wiki/Robert_O%27Brien_(auto_racer),Q172352
http://en.wikipedia.org/wiki/Tony_Gaze,Q172607
http://en.wikipedia.org/wiki/Robin_Montgomerie-Charrington,Q172369
http://en.wikipedia.org/wiki/Franco_Comotti,Q173528
http://en.wikipedia.org/wiki/Philippe_%C3%89tancelin,Q171994
http://en.wikipedia.org/wiki/Dennis_Poore,Q172297
http://en.wikipedia.org/wiki/Eric_Thompson_(racing_driver),Q172439
http://en.wikipedia.org/wiki/Ken_Downing,Q172344
http://en.wikipedia.org/wiki/Graham_Whitehead,Q172376
http://en.wikipedia.org/wiki/Gino_Bianco,Q172337
http://en.wikipedia.org/wiki/David_Murray_(driver),Q171879
http://en.wikipedia.org/wiki/Eitel_Cantoni,Q172210
http://en.wikipedia.org/wiki/Bill_Aston,Q172641
http://en.wikipedia.org/wiki/Adolf_Brudes,Q61910
http://en.wikipedia.org/wiki/Fritz_Riess,Q60925
http://en.wikipedia.org/wiki/Helmut_Niedermayr,Q61287
http://en.wikipedia.org/wiki/Hans_Klenk,Q62235
http://en.wikipedia.org/wiki/Marcel_Balsa,Q172381
http://en.wikipedia.org/wiki/Rudolf_Schoeller,Q116276
http://en.wikipedia.org/wiki/Paul_Pietsch,Q60886
http://en.wikipedia.org/wiki/Josef_Peters_(driver),Q61853
http://en.wikipedia.org/wiki/Dries_van_der_Lof,Q172371
http://en.wikipedia.org/wiki/Jan_Flinterman,Q172796
http://en.wikipedia.org/wiki/Piero_Dusio,Q714594
http://en.wikipedia.org/wiki/Alberto_Crespo,Q794544
http://en.wikipedia.org/wiki/Franco_Rol,Q172069
http://en.wikipedia.org/wiki/Consalvo_Sanesi,Q172065
http://en.wikipedia.org/wiki/Guy_Mairesse,Q171964
http://en.wikipedia.org/wiki/Henri_Louveau,Q172123
http://en.wikipedia.org/wiki/Lee_Wallard,Q453022
http://en.wikipedia.org/wiki/Carl_Forberg,Q173717
http://en.wikipedia.org/wiki/Mauri_Rose,Q172305
http://en.wikipedia.org/wiki/Bill_Mackey,Q173668
http://en.wikipedia.org/wiki/Cecil_Green,Q172286
http://en.wikipedia.org/wiki/Walt_Brown_(auto_racer),Q172561
http://en.wikipedia.org/wiki/Mack_Hellings,Q173584
http://en.wikipedia.org/wiki/Pierre_Levegh,Q171742
http://en.wikipedia.org/wiki/Eug%C3%A8ne_Chaboud,Q171970
http://en.wikipedia.org/wiki/Aldo_Gordini,Q172467
http://en.wikipedia.org/wiki/Joe_Kelly_(Formula_One),Q172217
http://en.wikipedia.org/wiki/Philip_Fotheringham-Parker,Q172449
http://en.wikipedia.org/wiki/Brian_Shawe_Taylor,Q172205
http://en.wikipedia.org/wiki/John_James_(auto_racer),Q172821
http://en.wikipedia.org/wiki/Toni_Branca,Q172214
http://en.wikipedia.org/wiki/Ken_Richardson_(race_car_driver),Q941105
http://en.wikipedia.org/wiki/Juan_Jover,Q290404
http://en.wikipedia.org/wiki/Georges_Grignard,Q172359
http://en.wikipedia.org/wiki/David_Hampshire,Q172063
http://en.wikipedia.org/wiki/Geoff_Crossley,Q172225
http://en.wikipedia.org/wiki/Luigi_Fagioli,Q173038
http://en.wikipedia.org/wiki/Cuth_Harrison,Q172023
http://en.wikipedia.org/wiki/Joe_Fry,Q172329
http://en.wikipedia.org/wiki/Eug%C3%A8ne_Martin,Q171890
http://en.wikipedia.org/wiki/Leslie_Johnson_(racing_driver),Q172208
http://en.wikipedia.org/wiki/Clemente_Biondetti,Q172489
http://en.wikipedia.org/wiki/Alfredo_Pi%C3%A0n,Q555795
http://en.wikipedia.org/wiki/Raymond_Sommer,Q171878
http://en.wikipedia.org/wiki/Joie_Chitwood,Q172340
http://en.wikipedia.org/wiki/Myron_Fohr,Q172588
http://en.wikipedia.org/wiki/Walt_Ader,Q165393
http://en.wikipedia.org/wiki/Jackie_Holmes,Q173652
http://en.wikipedia.org/wiki/Bayliss_Levrett,Q173675
http://en.wikipedia.org/wiki/Jimmy_Jackson_(driver),Q173640
http://en.wikipedia.org/wiki/Nello_Pagani,Q172460
http://en.wikipedia.org/wiki/Charles_Pozzi,Q172538
http://en.wikipedia.org/wiki/Dorino_Serafini,Q172185
http://en.wikipedia.org/wiki/William_Cantrell,Q172546
http://en.wikipedia.org/wiki/Johnny_Mantz,Q173664
http://en.wikipedia.org/wiki/Danny_Kladis,Q172566
http://en.wikipedia.org/wiki/Oscar_Gonz%C3%A1lez_(racing_driver),Q173597
http://en.wikipedia.org/wiki/Nico_H%C3%BClkenberg,Q76547
http://en.wikipedia.org/wiki/Vitaly_Petrov,Q82901
http://en.wikipedia.org/wiki/Lucas_di_Grassi,Q172783
http://en.wikipedia.org/wiki/Bruno_Senna,Q82864
http://en.wikipedia.org/wiki/Karun_Chandhok,Q172905
http://en.wikipedia.org/wiki/Pastor_Maldonado,Q82845
http://en.wikipedia.org/wiki/Paul_di_Resta,Q82768
http://en.wikipedia.org/wiki/Sergio_P%C3%A9rez,Q82805
http://en.wikipedia.org/wiki/J%C3%A9r%C3%B4me_d%27Ambrosio,Q171996
http://en.wikipedia.org/wiki/Daniel_Ricciardo,Q82816
http://en.wikipedia.org/wiki/Jean-%C3%89ric_Vergne,Q82829
http://en.wikipedia.org/wiki/Charles_Pic,Q82965
http://en.wikipedia.org/wiki/Max_Chilton,Q613590
http://en.wikipedia.org/wiki/Esteban_Guti%C3%A9rrez,Q18915
http://en.wikipedia.org/wiki/Valtteri_Bottas,Q138745
http://en.wikipedia.org/wiki/Giedo_van_der_Garde,Q453177
http://en.wikipedia.org/wiki/Jules_Bianchi,Q281294
http://en.wikipedia.org/wiki/Kevin_Magnussen,Q1740212
http://en.wikipedia.org/wiki/Daniil_Kvyat,Q979668
http://en.wikipedia.org/wiki/Andr%C3%A9_Lotterer,Q61395
http://en.wikipedia.org/wiki/Marcus_Ericsson,Q975207
http://en.wikipedia.org/wiki/Will_Stevens,Q538467
http://en.wikipedia.org/wiki/Max_Verstappen,Q2239218
http://en.wikipedia.org/wiki/Felipe_Nasr,Q777319
http://en.wikipedia.org/wiki/Carlos_Sainz_Jr.,Q544856
http://en.wikipedia.org/wiki/Roberto_Merhi,Q977386
http://en.wikipedia.org/wiki/Alexander_Rossi_%28racing_driver%29,Q559962
http://en.wikipedia.org/wiki/Jolyon_Palmer,Q714365
http://en.wikipedia.org/wiki/Pascal_Wehrlein,Q85762
http://en.wikipedia.org/wiki/Rio_Haryanto,Q981543
http://en.wikipedia.org/wiki/Stoffel_Vandoorne,Q1344577
http://en.wikipedia.org/wiki/Esteban_Ocon,Q15074165
http://en.wikipedia.org/wiki/Lance_Stroll,Q16238921
http://en.wikipedia.org/wiki/Antonio_Giovinazzi,Q7084843
http://en.wikipedia.org/wiki/Brendon_Hartley,Q361113
http://en.wikipedia.org/wiki/Charles_Leclerc,Q17541912
http://en.wikipedia.org/wiki/Sergey_Sirotkin_(racing_driver),Q544206
http://en.wikipedia.org/wiki/Lando_Norris,Q22007193
http://en.wikipedia.org/wiki/George_Russell_(racing_driver),Q17319645
http://en.wikipedia.org/wiki/Alexander_Albon,Q16149172
http://en.wikipedia.org/wiki/Nicholas_Latifi,Q8898994
http://en.wikipedia.org/wiki/Pietro_Fittipaldi,Q10349696
http://en.wikipedia.org/wiki/Jack_Aitken,Q15292751
http://en.wikipedia.org/wiki/Yuki_Tsunoda,Q59209579
http://en.wikipedia.org/wiki/Nikita_Mazepin,Q22008968
http://en.wikipedia.org/wiki/Mick_Schumacher,Q18119599
http://en.wikipedia.org/wiki/Zhou_Guanyu,Q17327107
http://en.wikipedia.org/wiki/Nyck_de_Vries,Q771382
http://en.wikipedia.org/wiki/Oscar_Piastri,Q28741262
http://en.wikipedia.org/wiki/Logan_Sargeant,Q28037494
http://en.wikipedia.org/wiki/Liam_Lawson,Q59180330
